Date,Open,High,Low,Close,Volume,Dividends,Stock_Splits
2014-07-07 00:00:00-04:00,25.790847778320312,25.790847778320312,23.870136260986328,24.02248764038086,2225834,0.0,0.0
2014-07-14 00:00:00-04:00,24.087779998779297,26.49275016784668,23.94087028503418,24.757036209106445,11617304,0.0,0.0
2014-07-21 00:00:00-04:00,24.637332916259766,26.519954681396484,24.610126495361328,25.295705795288086,17144306,0.0,0.0
2014-07-28 00:00:00-04:00,25.545997619628906,26.122753143310547,24.484981536865234,25.322912216186523,15554372,0.0,0.0
2014-08-04 00:00:00-04:00,25.25217628479004,25.51879119873047,24.93115234375,25.322912216186523,7618119,0.0,0.0
2014-08-11 00:00:00-04:00,25.159679412841797,26.993331909179688,25.02909278869629,26.601572036743164,6134782,0.0,0.0
2014-08-18 00:00:00-04:00,26.715835571289062,27.23818016052246,26.302310943603516,26.476425170898438,4650708,0.0,0.0
2014-08-25 00:00:00-04:00,26.688629150390625,26.688629150390625,26.117313385009766,26.373044967651367,9042830,0.0,0.0
2014-09-01 00:00:00-04:00,26.11187171936035,26.743040084838867,26.052019119262695,26.498191833496094,4671844,0.0,0.0
2014-09-08 00:00:00-04:00,26.362163543701172,26.840980529785156,26.177165985107422,26.547161102294922,4512685,0.0,0.0
2014-09-15 00:00:00-04:00,26.634218215942383,26.94980239868164,26.318634033203125,26.688629150390625,8609278,0.0,0.0
2014-09-22 00:00:00-04:00,26.503631591796875,26.792011260986328,25.094385147094727,25.769081115722656,8284712,0.0,0.0
2014-09-29 00:00:00-04:00,25.616731643676758,25.93775749206543,24.457775115966797,25.350116729736328,7066576,0.0,0.0
2014-10-06 00:00:00-04:00,25.360998153686523,25.616731643676758,23.63616943359375,23.690580368041992,4735801,0.0,0.0
2014-10-13 00:00:00-04:00,23.28793716430664,23.701461791992188,21.873249053955078,23.57087516784668,6499413,0.0,0.0
2014-10-20 00:00:00-04:00,23.576316833496094,25.497026443481445,23.342348098754883,24.93659210205078,3973455,0.0,0.0
2014-10-27 00:00:00-04:00,24.89850425720215,26.345840454101562,24.83321189880371,26.079225540161133,4983544,0.0,0.0
2014-11-03 00:00:00-05:00,26.095548629760742,26.836322784423828,25.187847137451172,25.68454933166504,6374922,0.0,1.323
2014-11-10 00:00:00-05:00,25.80692481994629,25.878910064697266,24.72713851928711,25.223840713500977,4006621,0.0,0.0
2014-11-17 00:00:00-05:00,25.25983238220215,26.375614166259766,25.072669982910156,25.53337860107422,4531030,0.0,0.0
2014-11-24 00:00:00-05:00,25.468591690063477,26.418804168701172,25.36781120300293,26.296428680419922,3197573,0.0,0.0
2014-12-01 00:00:00-05:00,26.325223922729492,26.325223922729492,25.10866355895996,25.252634048461914,4539782,0.0,0.0
2014-12-08 00:00:00-05:00,25.115861892700195,25.115861892700195,24.223236083984375,24.647953033447266,4987092,0.0,0.0
2014-12-15 00:00:00-05:00,24.856712341308594,24.878307342529297,23.80571937561035,24.467988967895508,7137376,0.0,0.0
2014-12-22 00:00:00-05:00,24.431995391845703,24.719938278198242,24.223236083984375,24.590364456176758,3395389,0.0,0.0
2014-12-29 00:00:00-05:00,24.48958396911621,25.605365753173828,24.48958396911621,24.935897827148438,2516190,0.0,0.0
2015-01-05 00:00:00-05:00,24.770328521728516,25.43979835510254,23.798519134521484,25.187847137451172,8201057,0.0,0.0
2015-01-12 00:00:00-05:00,25.195045471191406,26.080472946166992,24.503982543945312,24.979087829589844,8019494,0.0,0.0
2015-01-19 00:00:00-05:00,25.007883071899414,25.497386932373047,24.734336853027344,24.842315673828125,4214023,0.0,0.0
2015-01-26 00:00:00-05:00,24.82071876525879,25.913463592529297,24.374406814575195,24.561569213867188,3773104,0.0,0.0
2015-02-02 00:00:00-05:00,24.525577545166016,26.577173233032227,24.403200149536133,26.325223922729492,4874431,0.0,0.0
2015-02-09 00:00:00-05:00,26.224443435668945,27.678556442260742,26.10926628112793,27.405010223388672,4559229,0.0,0.0
2015-02-16 00:00:00-05:00,27.167457580566406,28.00249481201172,27.145862579345703,27.707351684570312,5187409,0.0,0.0
2015-02-23 00:00:00-05:00,27.635366439819336,28.34082794189453,27.20345115661621,27.786535263061523,5217276,0.0,0.0
2015-03-02 00:00:00-05:00,27.8729190826416,28.938310623168945,27.62816619873047,28.18965721130371,5961588,0.0,0.0
2015-03-09 00:00:00-04:00,28.168060302734375,28.47760009765625,27.658401489257812,27.90171241760254,4355995,0.0,0.0
2015-03-16 00:00:00-04:00,27.937705993652344,28.84832763671875,27.822528839111328,28.77994155883789,3297037,0.0,0.0
2015-03-23 00:00:00-04:00,28.729551315307617,28.772741317749023,26.771535873413086,27.145862579345703,4372388,0.0,0.0
2015-03-30 00:00:00-04:00,27.275436401367188,28.268840789794922,27.246641159057617,28.146465301513672,3862426,0.0,0.0
2015-04-06 00:00:00-04:00,27.91611099243164,28.54598617553711,27.91611099243164,28.1176700592041,3153537,0.0,0.0
2015-04-13 00:00:00-04:00,28.08167839050293,28.456003189086914,27.06667709350586,27.282634735107422,2127641,0.0,0.0
2015-04-20 00:00:00-04:00,27.32582664489746,28.03848648071289,27.311429977416992,28.024089813232422,2462706,0.0,0.0
2015-04-27 00:00:00-04:00,28.088876724243164,28.088876724243164,27.167457580566406,27.556180953979492,2839447,0.0,0.0
2015-05-04 00:00:00-04:00,27.584976196289062,27.91611099243164,26.800329208374023,26.908309936523438,2546194,0.0,0.0
2015-05-11 00:00:00-04:00,26.82192611694336,27.32582664489746,26.318025588989258,27.124265670776367,3145063,0.0,0.0
2015-05-18 00:00:00-04:00,27.1098690032959,27.484195709228516,26.893911361694336,27.38341522216797,3354272,0.0,0.0
2015-05-25 00:00:00-04:00,27.26103973388672,27.68575668334961,26.829124450683594,27.32582664489746,3746570,0.0,0.0
2015-06-01 00:00:00-04:00,27.426607131958008,27.880117416381836,26.98821258544922,27.772138595581055,3815194,0.0,0.0
2015-06-08 00:00:00-04:00,27.851322174072266,28.045684814453125,26.994691848754883,27.39781379699707,4094833,0.0,0.0
2015-06-15 00:00:00-04:00,27.210649490356445,27.527387619018555,26.749940872192383,27.390613555908203,3957444,0.0,0.0
2015-06-22 00:00:00-04:00,27.527387619018555,27.620969772338867,26.375614166259766,26.375614166259766,3999121,0.0,0.0
2015-06-29 00:00:00-04:00,26.267635345458984,26.46199607849121,25.727741241455078,25.98689079284668,5641386,0.0,0.0
2015-07-06 00:00:00-04:00,25.842918395996094,25.95809555053711,24.954612731933594,25.346216201782227,7324079,0.0,0.0
2015-07-13 00:00:00-04:00,25.461393356323242,26.31082534790039,25.454195022583008,25.922103881835938,7608163,0.0,0.0
2015-07-20 00:00:00-04:00,25.864513397216797,25.965293884277344,25.432598114013672,25.605365753173828,5653889,0.0,0.0
2015-07-27 00:00:00-04:00,25.28862762451172,27.225046157836914,25.144655227661133,27.13866424560547,10146717,0.0,0.0
2015-08-03 00:00:00-04:00,26.64196014404297,27.689355850219727,26.64196014404297,27.09547233581543,5621522,0.0,0.0
2015-08-10 00:00:00-04:00,27.268238067626953,27.620969772338867,26.843521118164062,27.17465591430664,4556174,0.0,0.0
2015-08-17 00:00:00-04:00,27.17465591430664,27.31502914428711,25.53337860107422,25.540578842163086,9402959,0.0,0.0
2015-08-24 00:00:00-04:00,24.01447868347168,26.3828125,23.1650447845459,26.202848434448242,12634984,0.0,0.0
2015-08-31 00:00:00-04:00,26.166854858398438,26.51958465576172,25.526180267333984,25.907705307006836,8592384,0.0,0.0
2015-09-07 00:00:00-04:00,26.23164176940918,26.73554229736328,25.91490364074707,26.195648193359375,3975226,0.0,0.0
2015-09-14 00:00:00-04:00,26.174053192138672,26.332422256469727,25.526180267333984,25.62696075439453,5558593,0.0,0.0
2015-09-21 00:00:00-04:00,25.77813148498535,26.080472946166992,25.05107307434082,25.209442138671875,3604737,0.0,0.0
2015-09-28 00:00:00-04:00,25.12306022644043,25.871713638305664,24.144052505493164,25.864513397216797,4884155,0.0,0.0
2015-10-05 00:00:00-04:00,26.145259857177734,26.857919692993164,25.425399780273438,26.73554229736328,3843394,0.0,0.0
2015-10-12 00:00:00-04:00,26.67075538635254,27.275436401367188,26.24603843688965,27.037883758544922,3916465,0.0,0.0
2015-10-19 00:00:00-04:00,27.037883758544922,27.700153350830078,26.584373474121094,27.671358108520508,2926409,0.0,0.0
2015-10-26 00:00:00-04:00,27.692955017089844,28.693557739257812,27.073875427246094,28.182458877563477,4001342,0.0,0.0
2015-11-02 00:00:00-05:00,28.28323745727539,28.67196273803711,27.34022331237793,28.146465301513672,5904772,0.0,0.0
2015-11-09 00:00:00-05:00,27.99529457092285,29.23345184326172,27.577777862548828,28.758344650268555,7054443,0.0,0.0
2015-11-16 00:00:00-05:00,28.866323471069336,29.075082778930664,28.240047454833984,28.304834365844727,5720152,0.0,0.0
2015-11-23 00:00:00-05:00,28.24724578857422,28.556785583496094,27.736146926879883,28.200454711914062,3664610,0.0,0.0
2015-11-30 00:00:00-05:00,28.211252212524414,28.50639533996582,27.47699737548828,27.880117416381836,4574789,0.0,0.0
2015-12-07 00:00:00-05:00,27.836925506591797,27.865720748901367,26.61316680908203,26.829124450683594,6030769,0.0,0.0
2015-12-14 00:00:00-05:00,26.76433753967285,27.944904327392578,25.91490364074707,26.42600440979004,6285819,0.0,0.0
2015-12-21 00:00:00-05:00,26.584373474121094,27.556180953979492,26.469194412231445,27.376216888427734,1971221,0.0,0.0
2015-12-28 00:00:00-05:00,27.333024978637695,27.671358108520508,26.76433753967285,27.41221046447754,3154926,0.0,0.0
2016-01-04 00:00:00-05:00,26.8867130279541,27.17465591430664,25.43979835510254,25.497386932373047,5124064,0.0,0.0
2016-01-11 00:00:00-05:00,25.583768844604492,25.84651756286621,23.762527465820312,24.057668685913086,5801558,0.0,0.0
2016-01-18 00:00:00-05:00,24.316818237304688,25.36781120300293,23.10745620727539,25.022279739379883,8989822,0.0,0.0
2016-01-25 00:00:00-05:00,24.82071876525879,25.634159088134766,23.117534637451172,25.619762420654297,8686985,0.0,0.0
2016-02-01 00:00:00-05:00,25.360612869262695,25.67015266418457,23.28742027282715,23.345008850097656,8360810,0.0,0.0
2016-02-08 00:00:00-05:00,22.98508071899414,23.467384338378906,22.358802795410156,23.13625144958496,10476504,0.0,0.0
2016-02-15 00:00:00-05:00,23.43859100341797,25.195045471191406,22.923891067504883,23.892101287841797,6766192,0.0,0.0
2016-02-22 00:00:00-05:00,24.12245750427246,25.20224380493164,23.524974822998047,25.029478073120117,5135454,0.0,0.0
2016-02-29 00:00:00-05:00,25.03667640686035,26.742740631103516,25.03667640686035,26.54837989807129,6205387,0.0,0.0
2016-03-07 00:00:00-05:00,26.375614166259766,26.721145629882812,25.74933624267578,26.49079132080078,6570735,0.0,0.0
2016-03-14 00:00:00-04:00,26.39720916748047,27.06667709350586,25.094266891479492,26.937103271484375,7449103,0.0,0.0
2016-03-21 00:00:00-04:00,26.94430160522461,27.123546600341797,26.447599411010742,26.663557052612305,4785384,0.0,0.0
2016-03-28 00:00:00-04:00,26.73554229736328,27.592174530029297,26.512386322021484,27.577777862548828,5581375,0.0,0.0
2016-04-04 00:00:00-04:00,27.577777862548828,27.678556442260742,26.649160385131836,27.073875427246094,5295346,0.0,0.0
2016-04-11 00:00:00-04:00,27.13866424560547,27.59937286376953,26.70674705505371,27.541784286499023,4098582,0.0,0.0
2016-04-18 00:00:00-04:00,27.541790008544922,27.600786209106445,17.21730613708496,17.954769134521484,10691722,0.0,1.365941
2016-04-25 00:00:00-04:00,17.817108154296875,18.072763442993164,17.394296646118164,17.699115753173828,6075457,0.0,0.0
2016-05-02 00:00:00-04:00,17.689281463623047,19.0707950592041,17.689281463623047,18.672565460205078,2904857,0.0,0.0
2016-05-09 00:00:00-04:00,18.957719802856445,18.957719802856445,17.98918342590332,18.082595825195312,2387510,0.0,0.0
2016-05-16 00:00:00-04:00,18.053096771240234,18.524089813232422,17.66961669921875,18.46607780456543,2987641,0.0,0.0
2016-05-23 00:00:00-04:00,18.416912078857422,19.01671600341797,18.269420623779297,18.879056930541992,2514839,0.0,0.0
2016-05-30 00:00:00-04:00,18.88888931274414,19.301868438720703,18.416912078857422,19.272369384765625,2031560,0.0,0.0
2016-06-06 00:00:00-04:00,19.34119987487793,19.478858947753906,18.077678680419922,18.14159393310547,1947657,0.0,0.0
2016-06-13 00:00:00-04:00,18.033432006835938,18.230087280273438,17.600786209106445,17.78761100769043,4619318,0.0,0.0
2016-06-20 00:00:00-04:00,18.053096771240234,18.397247314453125,17.21730613708496,17.78761100769043,8920717,0.0,0.0
2016-06-27 00:00:00-04:00,17.6794490814209,18.88888931274414,17.177974700927734,18.790559768676758,4124850,0.0,0.0
2016-07-04 00:00:00-04:00,18.633235931396484,19.10521125793457,18.30875015258789,19.046213150024414,870144,0.0,0.0
2016-07-11 00:00:00-04:00,19.085546493530273,19.773845672607422,18.938053131103516,19.69518280029297,1527128,0.0,0.0
2016-07-18 00:00:00-04:00,19.685348510742188,20.678466796875,19.498525619506836,20.65880012512207,1489294,0.0,0.0
2016-07-25 00:00:00-04:00,20.609636306762695,22.527040481567383,20.609636306762695,22.045230865478516,1718527,0.0,0.0
2016-08-01 00:00:00-04:00,22.084562301635742,22.12389373779297,21.161258697509766,21.278268814086914,1922232,0.0,0.0
2016-08-08 00:00:00-04:00,21.24877166748047,21.592920303344727,21.071779251098633,21.140609741210938,1261690,0.0,0.0
2016-08-15 00:00:00-04:00,21.160274505615234,21.5535888671875,20.99311637878418,21.425762176513672,1275420,0.0,0.0
2016-08-22 00:00:00-04:00,21.34709930419922,21.34709930419922,20.42281150817871,20.530973434448242,1091445,0.0,0.0
2016-08-29 00:00:00-04:00,20.54080581665039,21.356931686401367,20.481809616088867,21.327434539794922,1934639,0.0,0.0
2016-09-05 00:00:00-04:00,21.327434539794922,22.22222137451172,20.530973434448242,22.09439468383789,3441427,0.0,0.0
2016-09-12 00:00:00-04:00,22.084562301635742,27.4827938079834,22.084562301635742,26.696165084838867,6729692,0.0,0.0
2016-09-19 00:00:00-04:00,26.705997467041016,29.154375076293945,26.627334594726562,28.131759643554688,3013067,0.0,0.0
2016-09-26 00:00:00-04:00,27.846607208251953,28.20550537109375,26.922321319580078,27.66961669921875,1954064,0.0,0.0
2016-10-03 00:00:00-04:00,27.748279571533203,28.54473876953125,27.4827938079834,28.33824920654297,4125257,0.0,0.0
2016-10-10 00:00:00-04:00,28.46607780456543,29.00196647644043,26.499507904052734,27.07964515686035,3776223,0.0,0.0
2016-10-17 00:00:00-04:00,27.040315628051758,27.77777862548828,26.814159393310547,27.56145477294922,1776800,0.0,0.0
2016-10-24 00:00:00-04:00,27.728614807128906,27.964601516723633,26.017698287963867,26.283185958862305,1408748,0.0,0.0
2016-10-31 00:00:00-04:00,26.23402214050293,27.040315628051758,25.99803352355957,26.420846939086914,2774986,0.0,0.0
2016-11-07 00:00:00-05:00,26.804325103759766,28.859390258789062,26.529006958007812,28.78072738647461,2676236,0.0,0.0
2016-11-14 00:00:00-05:00,29.085546493530273,32.59587097167969,28.515241622924805,32.39921188354492,2195804,0.0,0.0
2016-11-21 00:00:00-05:00,32.35004806518555,32.35988235473633,30.403146743774414,31.268436431884766,1054730,0.0,0.0
2016-11-28 00:00:00-05:00,31.120943069458008,31.6420841217041,29.518190383911133,30.137659072875977,940521,0.0,0.0
2016-12-05 00:00:00-05:00,30.127826690673828,31.209440231323242,30.127826690673828,30.678466796875,973677,0.0,0.0
2016-12-12 00:00:00-05:00,30.56047248840332,30.845624923706055,29.390363693237305,30.511308670043945,1964946,0.0,0.0
2016-12-19 00:00:00-05:00,30.432645797729492,31.45526123046875,30.196657180786133,30.98328399658203,964523,0.0,0.0
2016-12-26 00:00:00-05:00,30.89478874206543,31.740413665771484,30.471975326538086,30.806293487548828,451446,0.0,0.0
2017-01-02 00:00:00-05:00,31.061946868896484,31.986234664916992,30.57030487060547,31.120943069458008,870451,0.0,0.0
2017-01-09 00:00:00-05:00,30.629301071166992,30.973451614379883,29.292034149169922,29.754179000854492,747698,0.0,0.0
2017-01-16 00:00:00-05:00,29.518190383911133,29.714847564697266,27.089479446411133,27.98426628112793,4348082,0.0,0.0
2017-01-23 00:00:00-05:00,27.98426628112793,30.727630615234375,27.78761100769043,30.068830490112305,4737491,0.0,0.0
2017-01-30 00:00:00-05:00,29.872173309326172,30.11799430847168,27.807275772094727,29.90167236328125,3136124,0.0,0.0
2017-02-06 00:00:00-05:00,29.69518280029297,31.622419357299805,28.928220748901367,31.622419357299805,2504362,0.0,0.0
2017-02-13 00:00:00-05:00,31.730579376220703,31.927236557006836,30.09832763671875,31.425762176513672,1384037,0.0,0.0
2017-02-20 00:00:00-05:00,31.415929794311523,33.53982162475586,31.415929794311523,32.625370025634766,2375305,0.0,0.0
2017-02-27 00:00:00-05:00,32.76302719116211,32.920352935791016,30.127826690673828,32.281219482421875,2812107,0.0,0.0
2017-03-06 00:00:00-05:00,32.01573181152344,34.572269439697266,31.966567993164062,34.267452239990234,4432798,0.0,0.0
2017-03-13 00:00:00-04:00,34.405113220214844,34.611602783203125,32.959686279296875,33.726646423339844,7923549,0.0,0.0
2017-03-20 00:00:00-04:00,33.74631118774414,33.87905502319336,32.241886138916016,33.146507263183594,2655998,0.0,0.0
2017-03-27 00:00:00-04:00,32.45820999145508,33.736480712890625,32.42379379272461,33.57915496826172,1227723,0.0,0.0
2017-04-03 00:00:00-04:00,33.57915496826172,34.29695129394531,33.34316635131836,33.461158752441406,2479650,0.0,0.0
2017-04-10 00:00:00-04:00,33.392330169677734,33.56932067871094,31.288101196289062,32.320552825927734,1582351,0.0,0.0
2017-04-17 00:00:00-04:00,32.33038330078125,34.405113220214844,32.11405944824219,34.06096267700195,1742630,0.0,0.0
2017-04-24 00:00:00-04:00,34.56243896484375,34.80826187133789,33.726646423339844,34.43461227416992,2465005,0.0,0.0
2017-05-01 00:00:00-04:00,34.700096130371094,34.700096130371094,32.49754333496094,33.18584060668945,1539636,0.0,0.0
2017-05-08 00:00:00-04:00,33.31366729736328,34.316619873046875,32.59587097167969,32.59587097167969,2499480,0.0,0.0
2017-05-15 00:00:00-04:00,32.78269577026367,32.94002151489258,30.23598861694336,30.33431625366211,17400362,0.0,0.0
2017-05-22 00:00:00-04:00,30.45231056213379,31.750246047973633,30.216323852539062,31.061946868896484,8096235,0.0,0.0
2017-05-29 00:00:00-04:00,31.10127830505371,36.36185073852539,30.99803352355957,36.33235168457031,15544031,0.0,0.0
2017-06-05 00:00:00-04:00,36.2340202331543,36.55850601196289,35.11307907104492,35.99803161621094,8461237,0.0,0.0
2017-06-12 00:00:00-04:00,35.821041107177734,36.35201644897461,33.933135986328125,34.02163314819336,4850073,0.0,0.0
2017-06-19 00:00:00-04:00,34.29695129394531,34.99508285522461,33.81514358520508,34.65093231201172,9908022,0.0,0.0
2017-06-26 00:00:00-04:00,34.857425689697266,36.45034408569336,34.267452239990234,36.00786590576172,6857530,0.0,0.0
2017-07-03 00:00:00-04:00,36.13569259643555,36.38151550292969,33.392330169677734,34.12979507446289,9785168,0.0,0.0
2017-07-10 00:00:00-04:00,34.14945983886719,34.34611511230469,32.83185958862305,33.30875015258789,6843699,0.0,0.0
2017-07-17 00:00:00-04:00,33.42182922363281,33.7659797668457,32.43854522705078,33.65781784057617,7747811,0.0,0.0
2017-07-24 00:00:00-04:00,33.66764831542969,34.611602783203125,33.13667678833008,34.35594940185547,8311941,0.0,0.0
2017-07-31 00:00:00-04:00,34.52310562133789,34.857425689697266,33.91347122192383,34.59193801879883,5013505,0.0,0.0
2017-08-07 00:00:00-04:00,34.59193801879883,34.82792663574219,32.44837951660156,34.031463623046875,6197497,0.0,0.0
2017-08-14 00:00:00-04:00,34.20845413208008,34.33628463745117,33.146507263183594,33.628318786621094,6451645,0.0,0.0
2017-08-21 00:00:00-04:00,33.61848449707031,38.34808349609375,33.52015686035156,37.03048324584961,10625922,0.0,0.0
2017-08-28 00:00:00-04:00,37.18780517578125,39.01671600341797,36.54867172241211,38.2694206237793,3470513,0.0,0.0
2017-09-04 00:00:00-04:00,38.34808349609375,38.78564453125,36.90265655517578,38.27925109863281,5579771,0.0,0.0
2017-09-11 00:00:00-04:00,38.6234016418457,39.00688171386719,37.5909538269043,38.14159393310547,12255766,0.0,0.0
2017-09-18 00:00:00-04:00,38.07276153564453,38.55457305908203,36.32251739501953,36.932151794433594,15542405,0.0,0.0
2017-09-25 00:00:00-04:00,36.99114990234375,37.84660720825195,35.64405059814453,37.45329284667969,8953771,0.0,0.0
2017-10-02 00:00:00-04:00,37.36479949951172,40.44149398803711,36.833824157714844,39.77384567260742,14226814,0.0,0.0
2017-10-09 00:00:00-04:00,39.8033447265625,39.92133712768555,37.9449348449707,38.839725494384766,5470545,0.0,0.0
2017-10-16 00:00:00-04:00,38.91838836669922,40.45231246948242,38.79056167602539,39.744346618652344,4898888,0.0,0.0
2017-10-23 00:00:00-04:00,39.62635040283203,39.744346618652344,36.65683364868164,37.84660720825195,7929142,0.0,0.0
2017-10-30 00:00:00-04:00,37.718780517578125,38.151424407958984,36.66666793823242,37.23697280883789,5965112,0.0,0.0
2017-11-06 00:00:00-05:00,37.25663757324219,38.54473876953125,36.20452117919922,36.82399368286133,7634619,0.0,0.0
2017-11-13 00:00:00-05:00,36.65683364868164,38.2694206237793,34.847591400146484,38.062931060791016,11519662,0.0,0.0
2017-11-20 00:00:00-05:00,38.18092346191406,38.95771789550781,37.88594055175781,38.21042251586914,4774307,0.0,0.0
2017-11-27 00:00:00-05:00,38.17108917236328,38.298919677734375,34.621437072753906,35.250736236572266,19656882,0.0,0.0
2017-12-04 00:00:00-05:00,35.54572296142578,36.2340202331543,32.55653762817383,34.05113220214844,12242239,0.0,0.0
2017-12-11 00:00:00-05:00,34.169124603271484,35.3588981628418,33.018680572509766,34.73942947387695,9082928,0.0,0.0
2017-12-18 00:00:00-05:00,34.857425689697266,35.280235290527344,33.35300064086914,33.79547882080078,8642772,0.0,0.0
2017-12-25 00:00:00-05:00,33.0875129699707,34.32645034790039,33.0875129699707,33.588985443115234,3206397,0.0,0.0
2018-01-01 00:00:00-05:00,33.86430740356445,34.58210372924805,32.56637191772461,33.54965591430664,4827699,0.0,0.0
2018-01-08 00:00:00-05:00,33.37266540527344,34.63126754760742,32.69419860839844,34.1592903137207,11263580,0.0,0.0
2018-01-15 00:00:00-05:00,34.29695129394531,35.89970397949219,33.9626350402832,35.87020492553711,5919143,0.0,0.0
2018-01-22 00:00:00-05:00,35.722713470458984,37.89577102661133,35.199607849121094,36.981319427490234,8086574,0.0,0.0
2018-01-29 00:00:00-05:00,36.833824157714844,38.6234016418457,36.54867172241211,38.00393295288086,6162410,0.0,0.0
2018-02-05 00:00:00-05:00,37.758113861083984,37.758113861083984,31.897737503051758,33.431663513183594,7968907,0.0,0.0
2018-02-12 00:00:00-05:00,33.64798355102539,36.34218215942383,33.431663513183594,34.32645034790039,7672756,0.0,0.0
2018-02-19 00:00:00-05:00,34.169124603271484,34.75909423828125,33.53982162475586,33.7659797668457,7841274,0.0,0.0
2018-02-26 00:00:00-05:00,33.972469329833984,34.20845413208008,30.727630615234375,32.31071853637695,6290958,0.0,0.0
2018-03-05 00:00:00-05:00,32.13372802734375,33.048179626464844,31.22910499572754,32.57620620727539,5880091,0.0,0.0
2018-03-12 00:00:00-04:00,32.723697662353516,32.90068817138672,30.99311637878418,32.11405944824219,4038507,0.0,0.0
2018-03-19 00:00:00-04:00,31.809242248535156,32.02556610107422,29.631267547607422,30.01966667175293,9233242,0.0,0.0
2018-03-26 00:00:00-04:00,30.481809616088867,30.8751220703125,29.90167236328125,30.33431625366211,6733659,0.0,0.0
2018-04-02 00:00:00-04:00,30.412979125976562,30.511308670043945,27.89675521850586,29.262537002563477,7404472,0.0,0.0
2018-04-09 00:00:00-04:00,29.469026565551758,29.54768943786621,28.318584442138672,28.810226440429688,4969774,0.0,0.0
2018-04-16 00:00:00-04:00,28.967552185058594,30.30481719970703,28.614553451538086,30.00983238220215,3467259,0.0,0.0
2018-04-23 00:00:00-04:00,30.10816192626953,30.678466796875,28.928220748901367,28.977384567260742,6353504,0.0,0.0
2018-04-30 00:00:00-04:00,28.957719802856445,32.517208099365234,28.485742568969727,32.281219482421875,24536142,0.0,0.0
2018-05-07 00:00:00-04:00,32.34021759033203,32.36971664428711,29.2330379486084,30.167158126831055,8267499,0.0,0.0
2018-05-14 00:00:00-04:00,30.176990509033203,31.396263122558594,28.938053131103516,31.356931686401367,6273873,0.0,0.0
2018-05-21 00:00:00-04:00,31.366764068603516,31.799409866333008,30.186824798583984,30.314651489257812,4840818,0.0,0.0
2018-05-28 00:00:00-04:00,30.11799430847168,31.966567993164062,29.79351043701172,31.622419357299805,5774831,0.0,0.0
2018-06-04 00:00:00-04:00,31.66175079345703,32.39921188354492,30.383480072021484,31.474925994873047,7028995,0.0,0.0
2018-06-11 00:00:00-04:00,31.56342124938965,34.24778747558594,31.10127830505371,34.00196838378906,5794765,0.0,0.0
2018-06-18 00:00:00-04:00,33.71681213378906,34.79842758178711,32.63520050048828,34.72959518432617,6546938,0.0,0.0
2018-06-25 00:00:00-04:00,34.709930419921875,37.35496520996094,34.35594940185547,36.509342193603516,7109847,0.0,0.0
2018-07-02 00:00:00-04:00,36.51917266845703,38.03343200683594,35.16715621948242,37.99409866333008,3497361,0.0,0.0
2018-07-09 00:00:00-04:00,38.01376724243164,38.692230224609375,36.36185073852539,37.708946228027344,5295825,0.0,0.0
2018-07-16 00:00:00-04:00,37.610618591308594,38.03343200683594,36.907569885253906,37.55162048339844,2211365,0.0,0.0
2018-07-23 00:00:00-04:00,37.64995193481445,37.758113861083984,33.57915496826172,33.86430740356445,4791901,0.0,0.0
2018-07-30 00:00:00-04:00,33.99213409423828,35.02458190917969,33.27433776855469,34.38544845581055,3500615,0.0,0.0
2018-08-06 00:00:00-04:00,34.58210372924805,35.486724853515625,31.278268814086914,35.299903869628906,7812492,0.0,0.0
2018-08-13 00:00:00-04:00,35.299903869628906,36.175025939941406,34.11996078491211,34.56243896484375,6004776,0.0,0.0
2018-08-20 00:00:00-04:00,34.700096130371094,36.31268310546875,34.00196838378906,36.155357360839844,3530210,0.0,0.0
2018-08-27 00:00:00-04:00,36.33235168457031,37.05997848510742,36.027530670166016,36.34218215942383,3684490,0.0,0.0
2018-09-03 00:00:00-04:00,36.31268310546875,36.92232131958008,34.45427703857422,34.53293991088867,4087628,0.0,0.0
2018-09-10 00:00:00-04:00,34.67060089111328,35.72172927856445,34.25762176513672,35.30973434448242,10703010,0.0,0.0
2018-09-17 00:00:00-04:00,35.24090576171875,38.47591018676758,34.96558380126953,36.78466033935547,5970401,0.0,0.0
2018-09-24 00:00:00-04:00,36.568336486816406,36.981319427490234,35.594886779785156,36.568336486816406,4208651,0.0,0.0
2018-10-01 00:00:00-04:00,36.76499557495117,36.99114990234375,34.410030364990234,34.96558380126953,3916670,0.0,0.0
2018-10-08 00:00:00-04:00,35.09341049194336,35.23107147216797,32.09439468383789,32.36971664428711,4444290,0.0,0.0
2018-10-15 00:00:00-04:00,32.418880462646484,34.237953186035156,32.26155471801758,33.294002532958984,7595872,0.0,0.0
2018-10-22 00:00:00-04:00,33.38249969482422,33.70698165893555,30.835792541503906,31.081613540649414,7837002,0.0,0.0
2018-10-29 00:00:00-04:00,31.396263122558594,33.92330551147461,30.226154327392578,33.38249969482422,4712270,0.0,0.0
2018-11-05 00:00:00-05:00,33.56932067871094,34.58210372924805,31.632251739501953,32.11405944824219,6276517,0.0,0.0
2018-11-12 00:00:00-05:00,32.39921188354492,32.54670715332031,30.162242889404297,31.10127830505371,6166885,0.0,0.0
2018-11-19 00:00:00-05:00,31.01278305053711,31.4454288482666,27.954769134521484,29.242870330810547,9085877,0.0,0.0
2018-11-26 00:00:00-05:00,29.370698928833008,30.7669620513916,28.5349063873291,29.321533203125,7376810,0.0,0.0
2018-12-03 00:00:00-05:00,29.832841873168945,32.01573181152344,28.711898803710938,31.838741302490234,7559972,0.0,0.0
2018-12-10 00:00:00-05:00,31.720746994018555,32.34021759033203,30.511308670043945,30.816125869750977,5281892,0.0,0.0
2018-12-17 00:00:00-05:00,30.639135360717773,31.21927261352539,27.718780517578125,27.89577293395996,6434763,0.0,0.0
2018-12-24 00:00:00-05:00,27.630285263061523,29.65093421936035,27.050146102905273,29.242870330810547,2894383,0.0,0.0
2018-12-31 00:00:00-05:00,29.419862747192383,31.53392219543457,28.864307403564453,31.11111068725586,3918196,0.0,0.0
2019-01-07 00:00:00-05:00,31.406095504760742,32.320552825927734,30.56047248840332,31.67158317565918,5640182,0.0,0.0
2019-01-14 00:00:00-05:00,31.376598358154297,32.19272232055664,29.99016761779785,31.504425048828125,9562648,0.0,0.0
2019-01-21 00:00:00-05:00,31.356931686401367,31.592920303344727,29.53785514831543,30.727630615234375,4666607,0.0,0.0
2019-01-28 00:00:00-05:00,30.57030487060547,31.484758377075195,29.685348510742188,31.11111068725586,7718217,0.0,0.0
2019-02-04 00:00:00-05:00,30.98328399658203,31.730579376220703,29.76401138305664,30.609636306762695,4987165,0.0,0.0
2019-02-11 00:00:00-05:00,30.580137252807617,31.11111068725586,29.941003799438477,30.904621124267578,4550871,0.0,0.0
2019-02-18 00:00:00-05:00,31.022615432739258,31.88790512084961,30.039331436157227,31.6420841217041,5259721,0.0,0.0
2019-02-25 00:00:00-05:00,31.54375648498535,33.11701202392578,28.938053131103516,33.02851486206055,7190699,0.0,0.0
2019-03-04 00:00:00-05:00,33.07767868041992,33.874141693115234,32.040313720703125,32.26155471801758,7904735,0.0,0.0
2019-03-11 00:00:00-04:00,32.20255661010742,35.13274383544922,31.917404174804688,34.39527893066406,6802510,0.0,0.0
2019-03-18 00:00:00-04:00,34.38544845581055,34.78859329223633,33.48082733154297,33.56932067871094,5141749,0.0,0.0
2019-03-25 00:00:00-04:00,33.57915496826172,34.916419982910156,32.88102340698242,34.464111328125,4115597,0.0,0.0
2019-04-01 00:00:00-04:00,34.67060089111328,36.371681213378906,34.405113220214844,36.28318786621094,4365677,0.0,0.0
2019-04-08 00:00:00-04:00,36.09636306762695,37.46312713623047,35.722713470458984,36.9124870300293,3453020,0.0,0.0
2019-04-15 00:00:00-04:00,36.77482986450195,37.56145477294922,36.33235168457031,37.02064895629883,3144260,0.0,0.0
2019-04-22 00:00:00-04:00,36.9124870300293,37.856441497802734,36.04719924926758,37.708946228027344,2076919,0.0,0.0
2019-04-29 00:00:00-04:00,37.7679443359375,38.65290069580078,36.941986083984375,38.4660758972168,3236805,0.0,0.0
2019-05-06 00:00:00-04:00,37.856441497802734,38.938053131103516,36.470008850097656,37.87610626220703,4360490,0.0,0.0
2019-05-13 00:00:00-04:00,37.0698127746582,38.01376724243164,36.33235168457031,37.374629974365234,4489546,0.0,0.0
2019-05-20 00:00:00-04:00,37.148475646972656,38.34808349609375,36.843658447265625,37.50245666503906,2372152,0.0,0.0
2019-05-27 00:00:00-04:00,37.708946228027344,37.99409866333008,35.27040481567383,36.705997467041016,3676150,0.0,0.0
2019-06-03 00:00:00-04:00,36.705997467041016,37.73844528198242,35.81121063232422,37.482791900634766,3745103,0.0,0.0
2019-06-10 00:00:00-04:00,37.5712890625,37.9449348449707,35.821041107177734,35.929203033447266,2344795,0.0,0.0
2019-06-17 00:00:00-04:00,35.97836685180664,37.54179000854492,35.594886779785156,37.26647186279297,5519870,0.0,0.0
2019-06-24 00:00:00-04:00,37.26647186279297,37.40412902832031,35.181907653808594,36.78466033935547,4509581,0.0,0.0
2019-07-01 00:00:00-04:00,37.10914611816406,37.90560531616211,35.75221252441406,36.7158317565918,2263334,0.0,0.0
2019-07-08 00:00:00-04:00,36.401180267333984,38.07276153564453,36.0177001953125,37.728614807128906,2583586,0.0,0.0
2019-07-15 00:00:00-04:00,37.83677673339844,38.67256546020508,37.51523971557617,37.88594055175781,3085680,0.0,0.0
2019-07-22 00:00:00-04:00,38.03343200683594,39.21337127685547,37.42379379272461,39.04621505737305,2346015,0.0,0.0
2019-07-29 00:00:00-04:00,39.134708404541016,39.89183807373047,38.27433776855469,38.81022644042969,4075628,0.0,0.0
2019-08-05 00:00:00-04:00,38.31858444213867,40.77187728881836,36.21435546875,40.383480072021484,5104424,0.0,0.0
2019-08-12 00:00:00-04:00,40.422813415527344,40.629302978515625,38.633235931396484,40.147491455078125,3937926,0.0,0.0
2019-08-19 00:00:00-04:00,40.59980392456055,41.24877166748047,38.34808349609375,38.928218841552734,3825548,0.0,0.0
2019-08-26 00:00:00-04:00,39.410030364990234,41.08161163330078,38.967552185058594,41.04228210449219,3487191,0.0,0.0
2019-09-02 00:00:00-04:00,40.8751220703125,42.2517204284668,40.589969635009766,42.074729919433594,1994744,0.0,0.0
2019-09-09 00:00:00-04:00,42.26155471801758,42.33038330078125,40.619468688964844,41.63225173950195,2846684,0.0,0.0
2019-09-16 00:00:00-04:00,41.44542694091797,42.281219482421875,40.36381530761719,41.43559646606445,3674625,0.0,0.0
2019-09-23 00:00:00-04:00,41.33726501464844,42.08456039428711,39.88200759887695,40.12782669067383,2225399,0.0,0.0
2019-09-30 00:00:00-04:00,40.20648956298828,41.504425048828125,38.938053131103516,40.924285888671875,3741035,0.0,0.0
2019-10-07 00:00:00-04:00,40.88495635986328,41.24877166748047,39.6411018371582,40.6981315612793,2961809,0.0,0.0
2019-10-14 00:00:00-04:00,40.65879821777344,41.00294876098633,39.45919418334961,40.75712966918945,3379085,0.0,0.0
2019-10-21 00:00:00-04:00,40.924285888671875,41.27827072143555,39.282203674316406,40.717796325683594,3288470,0.0,0.0
2019-10-28 00:00:00-04:00,41.130775451660156,41.878074645996094,40.06882858276367,41.258602142333984,4473173,0.0,0.0
2019-11-04 00:00:00-05:00,41.268436431884766,41.69124984741211,38.57915496826172,39.19370651245117,3658352,0.0,0.0
2019-11-11 00:00:00-05:00,39.311702728271484,43.33333206176758,37.8377571105957,42.84169006347656,4698642,0.0,0.0
2019-11-18 00:00:00-05:00,42.96951675415039,44.709930419921875,42.30088424682617,43.195674896240234,3297826,0.0,0.0
2019-11-25 00:00:00-05:00,43.392330169677734,44.955753326416016,43.166175842285156,44.33628463745117,2334728,0.0,0.0
2019-12-02 00:00:00-05:00,44.20845413208008,44.6804313659668,42.84169006347656,44.178958892822266,4445206,0.0,0.0
2019-12-09 00:00:00-05:00,44.05113220214844,44.76892852783203,42.78269577026367,43.11701202392578,3301081,0.0,0.0
2019-12-16 00:00:00-05:00,43.42182922363281,45.77187728881836,43.018680572509766,45.19173812866211,5122731,0.0,0.0
2019-12-23 00:00:00-05:00,45.26057052612305,45.45722579956055,44.87709045410156,45.20157241821289,988016,0.0,0.0
2019-12-30 00:00:00-05:00,45.07374572753906,45.9478874206543,42.09439468383789,45.250736236572266,3126461,0.0,0.0
2020-01-06 00:00:00-05:00,45.054080963134766,45.683380126953125,43.92330551147461,44.88692092895508,4788850,0.0,0.0
2020-01-13 00:00:00-05:00,44.916419982910156,47.413963317871094,44.50245666503906,47.246803283691406,6363369,0.0,0.0
2020-01-20 00:00:00-05:00,47.32546615600586,48.13175964355469,46.057029724121094,46.44050979614258,3922672,0.0,0.0
2020-01-27 00:00:00-05:00,45.81121063232422,46.951820373535156,45.46706008911133,46.00786590576172,5610688,0.0,0.0
2020-02-03 00:00:00-05:00,46.35201644897461,47.050148010253906,44.916419982910156,45.860374450683594,4056407,0.0,0.0
2020-02-10 00:00:00-05:00,45.64405059814453,47.11897659301758,45.64405059814453,46.066864013671875,4922586,0.0,0.0
2020-02-17 00:00:00-05:00,45.88003921508789,46.54867172241211,45.299903869628906,45.594886779785156,2643591,0.0,0.0
2020-02-24 00:00:00-05:00,44.916419982910156,45.044246673583984,36.72074890136719,38.407081604003906,11250868,0.0,0.0
2020-03-02 00:00:00-05:00,38.731563568115234,38.9478874206543,33.47099304199219,34.4837760925293,9579631,0.0,0.0
2020-03-09 00:00:00-04:00,32.487709045410156,33.37266540527344,23.11209487915039,27.030481338500977,21326998,0.0,0.0
2020-03-16 00:00:00-04:00,24.247787475585938,25.393314361572266,18.00393295288086,22.615535736083984,16121078,0.0,0.0
2020-03-23 00:00:00-04:00,22.753196716308594,27.33038330078125,19.754179000854492,26.87315559387207,11527289,0.0,0.0
2020-03-30 00:00:00-04:00,26.65683364868164,27.522123336791992,20.5899715423584,21.504425048828125,10686332,0.0,0.0
2020-04-06 00:00:00-04:00,22.67453384399414,24.788593292236328,21.34709930419922,24.503440856933594,15295680,0.0,0.0
2020-04-13 00:00:00-04:00,24.139625549316406,25.01474952697754,21.730579376220703,24.857423782348633,12270410,0.0,0.0
2020-04-20 00:00:00-04:00,24.257619857788086,29.478858947753906,23.923303604125977,26.9813175201416,15031057,0.0,0.0
2020-04-27 00:00:00-04:00,27.33530044555664,32.08456039428711,27.246803283691406,30.68829917907715,13125810,0.0,0.0
2020-05-04 00:00:00-04:00,30.078662872314453,32.34021759033203,29.69518280029297,30.196657180786133,7892429,0.0,0.0
2020-05-11 00:00:00-04:00,29.685348510742188,30.33431625366211,27.32546615600586,29.685348510742188,8238412,0.0,0.0
2020-05-18 00:00:00-04:00,31.01278305053711,33.56932067871094,30.216323852539062,32.35988235473633,6695521,0.0,0.0
2020-05-25 00:00:00-04:00,33.824974060058594,35.27040481567383,32.73352813720703,34.070796966552734,7134663,0.0,0.0
2020-06-01 00:00:00-04:00,34.19862365722656,37.22713851928711,33.91347122192383,36.29301834106445,8152273,0.0,0.0
2020-06-08 00:00:00-04:00,36.8731575012207,38.54473876953125,33.27433776855469,35.683380126953125,9371554,0.0,0.0
2020-06-15 00:00:00-04:00,34.611602783203125,37.20747375488281,32.44346237182617,32.50737380981445,7661265,0.0,0.0
2020-06-22 00:00:00-04:00,32.44837951660156,32.74336242675781,29.33136749267578,30.33431625366211,8849426,0.0,0.0
2020-06-29 00:00:00-04:00,30.491641998291016,32.90068817138672,29.862340927124023,32.35988235473633,7141577,0.0,0.0
2020-07-06 00:00:00-04:00,32.89085388183594,33.77581024169922,31.042280197143555,33.726646423339844,8584599,0.0,0.0
2020-07-13 00:00:00-04:00,34.178958892822266,36.78466033935547,32.44346237182617,35.11307907104492,5456917,0.0,0.0
2020-07-20 00:00:00-04:00,35.26057052612305,35.968536376953125,33.54965591430664,34.49361038208008,5118663,0.0,0.0
2020-07-27 00:00:00-04:00,34.44444274902344,35.496559143066406,33.74631118774414,34.847591400146484,2992523,0.0,0.0
2020-08-03 00:00:00-04:00,35.12290954589844,37.0698127746582,34.58210372924805,36.25368881225586,4216786,0.0,0.0
2020-08-10 00:00:00-04:00,34.32645034790039,38.387413024902344,34.08062744140625,36.892822265625,5089067,0.0,0.0
2020-08-17 00:00:00-04:00,36.96165084838867,37.728614807128906,36.08161163330078,37.42379379272461,4349303,0.0,0.0
2020-08-24 00:00:00-04:00,37.68928146362305,40.02949905395508,37.36479949951172,39.577186584472656,7882157,0.0,0.0
2020-08-31 00:00:00-04:00,39.40019607543945,39.478858947753906,37.02064895629883,37.34513473510742,2995371,0.0,0.0
2020-09-07 00:00:00-04:00,37.148475646972656,37.78269577026367,35.47689437866211,35.93903732299805,2829497,0.0,0.0
2020-09-14 00:00:00-04:00,36.28318786621094,37.03048324584961,34.611602783203125,34.88692092895508,4760069,0.0,0.0
2020-09-21 00:00:00-04:00,34.42477798461914,35.054080963134766,33.17600631713867,34.73942947387695,3957960,0.0,0.0
2020-09-28 00:00:00-04:00,35.152408599853516,36.981319427490234,34.375614166259766,36.45034408569336,5616993,0.0,0.0
2020-10-05 00:00:00-04:00,36.470008850097656,37.60078811645508,36.22418975830078,36.54867172241211,3270164,0.0,0.0
2020-10-12 00:00:00-04:00,36.470008850097656,37.33530044555664,35.07374572753906,35.57522201538086,2775902,0.0,0.0
2020-10-19 00:00:00-04:00,35.830875396728516,36.843658447265625,34.80826187133789,36.637168884277344,2540161,0.0,0.0
2020-10-26 00:00:00-04:00,36.44050979614258,36.44050979614258,34.45919418334961,35.526058197021484,3460953,0.0,0.0
2020-11-02 00:00:00-05:00,35.81121063232422,38.85939025878906,35.00491714477539,38.839725494384766,3450681,0.0,0.0
2020-11-09 00:00:00-05:00,41.08161163330078,43.02851486206055,39.45919418334961,40.91445541381836,5880294,0.0,0.0
2020-11-16 00:00:00-05:00,41.592918395996094,42.35004806518555,39.79842758178711,40.10816192626953,3885246,0.0,0.0
2020-11-23 00:00:00-05:00,40.186824798583984,42.822025299072266,40.147491455078125,41.878074645996094,4888007,0.0,0.0
2020-11-30 00:00:00-05:00,41.406097412109375,43.91347122192383,40.5014762878418,42.52703857421875,6097830,0.0,0.0
2020-12-07 00:00:00-05:00,42.46804428100586,44.00196838378906,41.061946868896484,42.079647064208984,3694455,0.0,0.0
2020-12-14 00:00:00-05:00,42.2517204284668,43.107177734375,40.255653381347656,40.963619232177734,5435153,0.0,0.0
2020-12-21 00:00:00-05:00,40.30481719970703,41.061946868896484,38.95280075073242,40.97344970703125,3384373,0.0,0.0
2020-12-28 00:00:00-05:00,41.071781158447266,42.949851989746094,40.98328399658203,41.88790512084961,4104612,0.0,0.0
2021-01-04 00:00:00-05:00,41.740413665771484,41.77974319458008,39.46902847290039,40.79645919799805,3904365,0.0,0.0
2021-01-11 00:00:00-05:00,40.294986724853516,41.393314361572266,38.190757751464844,39.065879821777344,3645436,0.0,0.0
2021-01-18 00:00:00-05:00,39.40019607543945,41.20943832397461,38.67256546020508,39.950836181640625,4246382,0.0,0.0
2021-01-25 00:00:00-05:00,39.852508544921875,41.78957748413086,38.633235931396484,39.55752182006836,5394168,0.0,0.0
2021-02-01 00:00:00-05:00,39.950836181640625,43.95280075073242,39.950836181640625,43.588985443115234,5189142,0.0,0.0
2021-02-08 00:00:00-05:00,43.31366729736328,45.00491714477539,43.31366729736328,44.709930419921875,4478665,0.0,0.0
2021-02-15 00:00:00-05:00,44.700096130371094,45.181907653808594,43.1268424987793,44.44444274902344,2350693,0.0,0.0
2021-02-22 00:00:00-05:00,44.80826187133789,47.10914611816406,43.067848205566406,43.166175842285156,10067589,0.0,0.0
2021-03-01 00:00:00-05:00,43.529991149902344,45.70304870605469,42.9105224609375,43.628318786621094,5011470,0.0,0.0
2021-03-08 00:00:00-05:00,44.070796966552734,46.66666793823242,43.86430740356445,45.67354965209961,5400880,0.0,0.0
2021-03-15 00:00:00-04:00,45.860374450683594,47.679447174072266,45.03441619873047,45.60472106933594,5567771,0.0,0.0
2021-03-22 00:00:00-04:00,45.30973434448242,46.568336486816406,41.465091705322266,42.43854522705078,4233772,0.0,0.0
2021-03-29 00:00:00-04:00,42.281219482421875,43.500492095947266,41.86824035644531,43.09734344482422,3406747,0.0,0.0
2021-04-05 00:00:00-04:00,43.61848449707031,45.526058197021484,43.13667678833008,44.719764709472656,5502784,0.0,0.0
2021-04-12 00:00:00-04:00,44.55260467529297,45.014747619628906,42.64503479003906,44.237953186035156,4296317,0.0,0.0
2021-04-19 00:00:00-04:00,44.33628463745117,46.981319427490234,44.05113220214844,46.45034408569336,3144361,0.0,0.0
2021-04-26 00:00:00-04:00,46.8731575012207,47.34513473510742,45.41789627075195,46.155357360839844,3960198,0.0,0.0
2021-05-03 00:00:00-04:00,46.44050979614258,46.62733459472656,43.166175842285156,43.51032257080078,3872634,0.0,0.0
2021-05-10 00:00:00-04:00,43.65781784057617,44.34611511230469,42.12389373779297,43.32350158691406,4573246,0.0,0.0
2021-05-17 00:00:00-04:00,43.018680572509766,44.6411018371582,42.78269577026367,43.71681213378906,3024050,0.0,0.0
2021-05-24 00:00:00-04:00,43.736480712890625,45.19173812866211,43.11701202392578,43.90363693237305,4131563,0.0,0.0
2021-05-31 00:00:00-04:00,44.464111328125,44.985252380371094,42.52703857421875,43.2841682434082,3034423,0.0,0.0
2021-06-07 00:00:00-04:00,43.41199493408203,45.32939910888672,43.18584060668945,45.044246673583984,2678370,0.0,0.0
2021-06-14 00:00:00-04:00,45.06391143798828,45.353981018066406,43.38249969482422,43.57915496826172,4243738,0.0,0.0
2021-06-21 00:00:00-04:00,43.933135986328125,49.272369384765625,43.68731689453125,48.092430114746094,6233092,0.0,0.0
2021-06-28 00:00:00-04:00,48.07276153564453,49.43952941894531,46.96165084838867,49.262535095214844,6013116,0.0,0.0
2021-07-05 00:00:00-04:00,49.52802276611328,49.52802276611328,47.522125244140625,48.062931060791016,2805903,0.0,0.0
2021-07-12 00:00:00-04:00,47.925270080566406,47.98426818847656,46.36185073852539,46.46017837524414,4090069,0.0,0.0
2021-07-19 00:00:00-04:00,45.80137634277344,47.728614807128906,44.97541809082031,47.050148010253906,3854939,0.0,0.0
2021-07-26 00:00:00-04:00,47.03048324584961,47.3942985534668,46.07669448852539,46.14552688598633,2899773,0.0,0.0
2021-08-02 00:00:00-04:00,46.21435546875,47.18780517578125,45.34906768798828,46.76499557495117,3906094,0.0,0.0
2021-08-09 00:00:00-04:00,46.843658447265625,48.23992156982422,46.273353576660156,47.964603424072266,3170904,0.0,0.0
2021-08-16 00:00:00-04:00,47.708946228027344,47.97935104370117,46.28318786621094,47.26647186279297,2684778,0.0,0.0
2021-08-23 00:00:00-04:00,47.47296142578125,49.518192291259766,46.57817077636719,49.00688171386719,3076121,0.0,0.0
2021-08-30 00:00:00-04:00,49.10520935058594,50.89479064941406,48.6234016418457,50.54080581665039,4427002,0.0,0.0
2021-09-06 00:00:00-04:00,50.30481719970703,50.43264389038086,48.95771789550781,48.95771789550781,2618978,0.0,0.0
2021-09-13 00:00:00-04:00,49.174041748046875,49.39036560058594,48.03343200683594,48.692230224609375,3612690,0.0,0.0
2021-09-20 00:00:00-04:00,48.151424407958984,50.619468688964844,47.69911575317383,49.73451232910156,2985607,0.0,0.0
2021-09-27 00:00:00-04:00,49.68534851074219,52.09439468383789,49.65584945678711,52.02556610107422,4193701,0.0,0.0
2021-10-04 00:00:00-04:00,51.91740417480469,53.254669189453125,50.81612777709961,52.2123908996582,3771036,0.0,0.0
2021-10-11 00:00:00-04:00,52.31071853637695,54.847591400146484,52.0550651550293,53.42182922363281,3035236,0.0,0.0
2021-10-18 00:00:00-04:00,53.107177734375,54.33824920654297,52.586036682128906,53.9822998046875,2040000,0.0,0.0
2021-10-25 00:00:00-04:00,53.972469329833984,55.23107147216797,53.89380645751953,54.86725616455078,3118020,0.0,0.0
2021-11-01 00:00:00-04:00,55.1622428894043,58.52507400512695,54.719764709472656,57.44346237182617,6050031,0.0,0.0
2021-11-08 00:00:00-05:00,57.5712890625,58.34808349609375,55.968536376953125,57.60078811645508,4445409,0.0,0.0
2021-11-15 00:00:00-05:00,57.73844528198242,59.58702087402344,57.418880462646484,58.68239974975586,5858735,0.0,0.0
2021-11-22 00:00:00-05:00,59.01671600341797,60.60963439941406,57.182891845703125,58.27925109863281,7252126,0.0,0.0
2021-11-29 00:00:00-05:00,58.485740661621094,61.28810119628906,57.25663757324219,59.78367614746094,8006638,0.0,0.0
2021-12-06 00:00:00-05:00,60.33431625366211,61.3765983581543,58.156341552734375,59.508358001708984,7430101,0.0,0.0
2021-12-13 00:00:00-05:00,59.42969512939453,60.09832763671875,57.02064895629883,58.4267463684082,5986469,0.0,0.0
2021-12-20 00:00:00-05:00,57.93510437011719,61.09144592285156,57.29596710205078,60.36381530761719,2734204,0.0,0.0
2021-12-27 00:00:00-05:00,60.27531814575195,62.39921188354492,59.97541809082031,62.182891845703125,3779071,0.0,0.0
2022-01-03 00:00:00-05:00,61.82891082763672,64.1465072631836,61.45526123046875,61.82891082763672,6676503,0.0,0.0
2022-01-10 00:00:00-05:00,61.82891082763672,62.723697662353516,60.40314865112305,61.907569885253906,5498207,0.0,0.0
2022-01-17 00:00:00-05:00,61.63225173950195,62.143558502197266,59.262535095214844,59.79351043701172,4362421,0.0,0.0
2022-01-24 00:00:00-05:00,59.22320556640625,59.22320556640625,54.76892852783203,57.18780517578125,9660991,0.0,0.0
2022-01-31 00:00:00-05:00,57.22713851928711,60.285152435302734,57.01573181152344,59.79351043701172,5691946,0.0,0.0
2022-02-07 00:00:00-05:00,59.321533203125,62.73352813720703,59.321533203125,61.41592788696289,5627977,0.0,0.0
2022-02-14 00:00:00-05:00,61.41592788696289,62.76302719116211,60.737464904785156,61.976402282714844,6646400,0.0,0.0
2022-02-21 00:00:00-05:00,61.92723846435547,62.78269577026367,58.64306640625,61.68141555786133,5284840,0.0,0.0
2022-02-28 00:00:00-05:00,60.589969635009766,61.406097412109375,56.92330551147461,57.679447174072266,9442845,0.0,0.0
2022-03-07 00:00:00-05:00,57.138641357421875,57.30580139160156,54.744346618652344,56.75516128540039,6924244,0.0,0.0
2022-03-14 00:00:00-04:00,56.705997467041016,58.98721694946289,55.79154586791992,58.928218841552734,5076356,0.0,0.0
2022-03-21 00:00:00-04:00,58.928218841552734,65.88003540039062,58.90855407714844,65.43756103515625,8805796,0.0,0.0
2022-03-28 00:00:00-04:00,65.27040100097656,69.37069702148438,64.69026184082031,68.90855407714844,6539717,0.0,0.0
2022-04-04 00:00:00-04:00,69.03638458251953,69.15437316894531,66.70600128173828,68.15142822265625,6872886,0.0,0.0
2022-04-11 00:00:00-04:00,68.2104263305664,68.63323211669922,66.36184692382812,67.51229095458984,3819039,0.0,0.0
2022-04-18 00:00:00-04:00,67.10914611816406,69.98033142089844,65.31956481933594,65.47689056396484,4527481,0.0,0.0
2022-04-25 00:00:00-04:00,64.3362808227539,65.85545349121094,61.14060974121094,61.28810119628906,5368133,0.0,0.0
2022-05-02 00:00:00-04:00,61.937068939208984,63.55457305908203,59.1248779296875,60.37364959716797,5797918,0.0,0.0
2022-05-09 00:00:00-04:00,59.34120178222656,60.481807708740234,53.402164459228516,59.9803352355957,10586869,0.0,0.0
2022-05-16 00:00:00-04:00,60.45231246948242,61.406097412109375,58.2841682434082,61.34709930419922,7950704,0.0,0.0
2022-05-23 00:00:00-04:00,61.96656799316406,62.6057014465332,58.54473876953125,62.35988235473633,7241143,0.0,0.0
2022-05-30 00:00:00-04:00,61.946903228759766,62.418880462646484,60.57030487060547,61.12094497680664,4313302,0.0,0.0
2022-06-06 00:00:00-04:00,61.878074645996094,62.7482795715332,58.32841873168945,58.72172927856445,3553906,0.0,0.0
2022-06-13 00:00:00-04:00,57.50245666503906,60.66863250732422,56.42084503173828,59.1445426940918,6531684,0.0,0.0
2022-06-20 00:00:00-04:00,59.65584945678711,63.03834915161133,58.062931060791016,62.80236053466797,4957264,0.0,0.0
2022-06-27 00:00:00-04:00,62.84169006347656,63.6086540222168,61.02261734008789,61.130775451660156,6766406,0.0,0.0
2022-07-04 00:00:00-04:00,60.40314865112305,61.77974319458008,58.81022644042969,60.02949905395508,4027015,0.0,0.0
2022-07-11 00:00:00-04:00,59.56735610961914,60.41297912597656,57.26647186279297,58.66273498535156,3336370,0.0,0.0
2022-07-18 00:00:00-04:00,59.508358001708984,63.37266540527344,58.77089309692383,62.46804428100586,3007778,0.0,0.0
2022-07-25 00:00:00-04:00,62.54670715332031,66.94198608398438,61.65191650390625,66.63716888427734,4635892,0.0,0.0
2022-08-01 00:00:00-04:00,66.66666412353516,67.06981658935547,61.48476028442383,61.838741302490234,5134630,0.0,0.0
2022-08-08 00:00:00-04:00,62.487709045410156,69.33136749267578,62.30088424682617,66.8534927368164,14068873,0.0,0.0
2022-08-15 00:00:00-04:00,66.46017456054688,69.05604553222656,65.7138671875,67.69911193847656,4285942,0.0,0.0
2022-08-22 00:00:00-04:00,66.75516510009766,68.32350158691406,66.19468688964844,67.33529663085938,2792987,0.0,0.0
2022-08-29 00:00:00-04:00,66.7649917602539,67.14749145507812,61.76991271972656,62.73352813720703,4614332,0.0,0.0
2022-09-05 00:00:00-04:00,62.69419860839844,64.6214370727539,61.21927261352539,64.37561798095703,3197550,0.0,0.0
2022-09-12 00:00:00-04:00,64.63127136230469,67.00098419189453,60.737464904785156,61.710914611816406,6344555,0.0,0.0
2022-09-19 00:00:00-04:00,61.23893737792969,62.57620620727539,56.57817077636719,56.941986083984375,6273670,0.0,0.0
2022-09-26 00:00:00-04:00,56.9124870300293,58.485740661621094,55.393314361572266,57.522125244140625,5091712,0.0,0.0
2022-10-03 00:00:00-04:00,57.826942443847656,63.24483871459961,56.853492736816406,61.750244140625,5106460,0.0,0.0
2022-10-10 00:00:00-04:00,61.72074890136719,62.06489562988281,57.05997848510742,57.40412902832031,3780799,0.0,0.0
2022-10-17 00:00:00-04:00,57.55162048339844,60.10816192626953,57.55162048339844,58.023597717285156,4788341,0.0,0.0
2022-10-24 00:00:00-04:00,58.66273498535156,58.869224548339844,56.538841247558594,57.286136627197266,5065067,0.0,0.0
2022-10-31 00:00:00-04:00,57.374629974365234,57.93510437011719,49.164207458496094,52.89085388183594,8153594,0.0,0.0
2022-11-07 00:00:00-05:00,53.57915496826172,59.65584945678711,53.32350158691406,57.77777862548828,5422746,0.0,0.0
2022-11-14 00:00:00-05:00,57.73844528198242,58.4660758972168,53.107177734375,56.64699935913086,6910922,0.0,0.0
2022-11-21 00:00:00-05:00,56.833824157714844,60.21632385253906,55.97836685180664,58.839725494384766,3253993,0.0,0.0
2022-11-28 00:00:00-05:00,58.43657684326172,62.08456039428711,57.33530044555664,60.21632385253906,5635197,0.0,0.0
2022-12-05 00:00:00-05:00,59.90167236328125,61.071781158447266,56.78466033935547,60.63913345336914,4314928,0.0,0.0
2022-12-12 00:00:00-05:00,60.75712966918945,61.92232131958008,55.693214416503906,57.09931182861328,6048710,0.0,0.0
2022-12-19 00:00:00-05:00,56.892822265625,59.9803352355957,56.13569259643555,58.88888931274414,4198481,0.0,0.0
2022-12-26 00:00:00-05:00,58.87905502319336,59.646018981933594,57.26647186279297,58.78072738647461,2497346,0.0,0.0
2023-01-02 00:00:00-05:00,59.478858947753906,64.25762176513672,58.27433776855469,64.09046173095703,4056203,0.0,0.0
2023-01-09 00:00:00-05:00,63.89380645751953,66.07669830322266,62.15339279174805,65.8898696899414,3298640,0.0,0.0
2023-01-16 00:00:00-05:00,65.91937255859375,69.8033447265625,63.71681213378906,68.91838836669922,5322978,0.0,0.0
2023-01-23 00:00:00-05:00,68.72173309326172,69.45919036865234,67.84661102294922,69.02655029296875,3594179,0.0,0.0
2023-01-30 00:00:00-05:00,68.72173309326172,71.07177734375,68.29891967773438,70.61946868896484,4568567,0.0,0.0
2023-02-06 00:00:00-05:00,70.61946868896484,71.99606323242188,69.321533203125,70.26548767089844,2956114,0.0,0.0
2023-02-13 00:00:00-05:00,70.18682098388672,71.28810119628906,67.90560150146484,68.8397216796875,2609317,0.0,0.0
2023-02-20 00:00:00-05:00,68.18092346191406,69.46902465820312,66.7354965209961,67.84661102294922,3316132,0.0,0.0
2023-02-27 00:00:00-05:00,67.84661102294922,74.27728271484375,65.535888671875,73.86430358886719,7129578,0.0,0.0
2023-03-06 00:00:00-05:00,74.16912841796875,74.87709045410156,66.66666412353516,66.91249084472656,5352268,0.0,0.0
2023-03-13 00:00:00-04:00,66.4110107421875,71.88101959228516,66.24385070800781,70.45230865478516,4664370,0.0,0.0
2023-03-20 00:00:00-04:00,69.79351043701172,72.47787475585938,68.88888549804688,72.15338897705078,3982573,0.0,0.0
2023-03-27 00:00:00-04:00,72.48770904541016,74.86725616455078,71.34709930419922,73.57915496826172,5071779,0.0,0.0
2023-04-03 00:00:00-04:00,73.38249969482422,73.62340545654297,69.49852752685547,73.08750915527344,4501141,0.0,0.0
2023-04-10 00:00:00-04:00,72.63520050048828,73.72664642333984,71.86332702636719,72.69419860839844,3795444,0.0,0.0
2023-04-17 00:00:00-04:00,72.80236053466797,73.44149780273438,71.58309173583984,72.35005187988281,2471920,0.0,0.0
2023-04-24 00:00:00-04:00,72.56637573242188,72.82694244384766,68.6578140258789,70.98328399658203,2582266,0.0,0.0
2023-05-01 00:00:00-04:00,70.64897155761719,73.47099304199219,68.56440734863281,72.24188995361328,3697709,0.0,0.0
2023-05-08 00:00:00-04:00,72.29105377197266,73.33333587646484,68.76597595214844,71.54375457763672,4831870,0.0,0.0
2023-05-15 00:00:00-04:00,71.6814193725586,74.21533966064453,71.66175079345703,72.08456420898438,3477428,0.0,0.0
2023-05-22 00:00:00-04:00,72.17305755615234,72.5860366821289,68.72173309326172,70.20648956298828,3587975,0.0,0.0
2023-05-29 00:00:00-04:00,70.50147247314453,70.95870208740234,68.27925109863281,70.65879821777344,4468088,0.0,0.0
2023-06-05 00:00:00-04:00,70.6391372680664,74.43460845947266,70.17699432373047,74.37561798095703,3779885,0.0,0.0
2023-06-12 00:00:00-04:00,74.3067855834961,78.79055786132812,74.11996459960938,76.78466033935547,6282518,0.0,0.0
2023-06-19 00:00:00-04:00,76.21435546875,76.82891082763672,74.00196838378906,74.29695129394531,5054490,0.0,0.0
2023-06-26 00:00:00-04:00,74.72959899902344,75.39823150634766,72.77285766601562,74.0216293334961,4792307,0.0,0.0
2023-07-03 00:00:00-04:00,74.2674560546875,76.0393295288086,72.26155090332031,72.8711929321289,3310640,0.0,0.0
2023-07-10 00:00:00-04:00,72.81219482421875,73.77581024169922,71.50933837890625,72.77285766601562,4576907,0.0,0.0
2023-07-17 00:00:00-04:00,73.18584442138672,74.20845794677734,71.38999938964844,72.95999908447266,3574639,0.0,1.017
2023-07-24 00:00:00-04:00,72.76000213623047,73.31999969482422,70.30999755859375,72.51000213623047,3787400,0.0,0.0
2023-07-31 00:00:00-04:00,72.7300033569336,78.58000183105469,66.01000213623047,74.12999725341797,4468100,0.0,0.0
2023-08-07 00:00:00-04:00,74.83999633789062,74.88999938964844,69.13999938964844,70.16999816894531,4511200,0.0,0.0
2023-08-14 00:00:00-04:00,69.80000305175781,70.12999725341797,65.7300033569336,66.38999938964844,3399200,0.0,0.0
2023-08-21 00:00:00-04:00,66.58999633789062,67.11000061035156,63.70000076293945,64.44999694824219,3533000,0.0,0.0
2023-08-28 00:00:00-04:00,65.0199966430664,69.58999633789062,64.2300033569336,69.02999877929688,4280400,0.0,0.0
2023-09-04 00:00:00-04:00,69.19000244140625,69.19000244140625,65.41999816894531,66.0,3691500,0.0,0.0
2023-09-11 00:00:00-04:00,66.0999984741211,68.62000274658203,65.62999725341797,66.91999816894531,6421300,0.0,0.0
2023-09-18 00:00:00-04:00,66.5199966430664,68.72000122070312,62.66999816894531,63.040000915527344,4524500,0.0,0.0
2023-09-25 00:00:00-04:00,62.5099983215332,63.849998474121094,60.95000076293945,62.29999923706055,3672700,0.0,0.0
2023-10-02 00:00:00-04:00,65.0999984741211,69.63500213623047,65.0999984741211,69.08000183105469,6178600,0.0,0.0
2023-10-09 00:00:00-04:00,68.51000213623047,69.7699966430664,66.58999633789062,66.94000244140625,2495400,0.0,0.0
2023-10-16 00:00:00-04:00,67.75,71.33000183105469,66.77999877929688,66.91000366210938,3869800,0.0,0.0
2023-10-23 00:00:00-04:00,66.55999755859375,69.8499984741211,63.650001525878906,64.36000061035156,4081000,0.0,0.0
2023-10-30 00:00:00-04:00,64.79000091552734,66.46499633789062,63.18000030517578,65.2300033569336,4647000,0.0,0.0
2023-11-06 00:00:00-05:00,65.08999633789062,68.7300033569336,63.0,67.8499984741211,4055000,0.0,0.0
2023-11-13 00:00:00-05:00,67.83000183105469,68.26000213623047,61.63999938964844,63.86000061035156,4971500,0.0,0.0
2023-11-20 00:00:00-05:00,64.16000366210938,67.0,63.88999938964844,65.98999786376953,3226300,0.0,0.0
2023-11-27 00:00:00-05:00,65.63999938964844,66.44000244140625,62.26499938964844,63.63999938964844,5499400,0.0,0.0
2023-12-04 00:00:00-05:00,63.91999816894531,64.01000213623047,61.22999954223633,62.91999816894531,5043600,0.0,0.0
2023-12-11 00:00:00-05:00,62.720001220703125,64.81999969482422,62.43000030517578,64.38999938964844,8879700,0.0,0.0
2023-12-18 00:00:00-05:00,63.689998626708984,66.41999816894531,62.90999984741211,64.04000091552734,6377700,0.0,0.0
2023-12-25 00:00:00-05:00,64.05000305175781,64.13999938964844,61.66999816894531,63.130001068115234,3859000,0.0,0.0
2024-01-01 00:00:00-05:00,62.849998474121094,63.20500183105469,61.529998779296875,62.2400016784668,3766600,0.0,0.0
2024-01-08 00:00:00-05:00,62.459999084472656,64.0,61.439998626708984,63.63999938964844,3483900,0.0,0.0
2024-01-15 00:00:00-05:00,63.56999969482422,64.01000213623047,62.400001525878906,63.040000915527344,3744900,0.0,0.0
2024-01-22 00:00:00-05:00,63.22999954223633,69.16999816894531,62.75,68.26000213623047,6321700,0.0,0.0
2024-01-29 00:00:00-05:00,68.02999877929688,68.26000213623047,66.0199966430664,66.54000091552734,3875300,0.0,0.0
2024-02-05 00:00:00-05:00,66.33000183105469,66.87999725341797,64.80000305175781,66.61000061035156,5589600,0.0,0.0
2024-02-12 00:00:00-05:00,66.44000244140625,69.47000122070312,65.16000366210938,69.18000030517578,5872700,0.0,0.0
2024-02-19 00:00:00-05:00,68.87999725341797,69.47000122070312,66.68000030517578,68.75,3648900,0.0,0.0
2024-02-26 00:00:00-05:00,68.51000213623047,73.69999694824219,67.88999938964844,73.30000305175781,8714400,0.0,0.0
2024-03-04 00:00:00-05:00,72.80999755859375,73.9000015258789,69.3949966430664,71.30999755859375,5928300,0.0,0.0
2024-03-11 00:00:00-04:00,71.5,72.41999816894531,68.25,69.11000061035156,6097500,0.0,0.0
2024-03-18 00:00:00-04:00,69.30999755859375,69.93000030517578,66.38999938964844,67.23999786376953,5169400,0.0,0.0
2024-03-25 00:00:00-04:00,67.4000015258789,68.69999694824219,65.43499755859375,65.5999984741211,4720900,0.0,0.0
2024-04-01 00:00:00-04:00,66.08000183105469,68.69999694824219,64.37000274658203,68.48999786376953,5955800,0.0,0.0
2024-04-08 00:00:00-04:00,68.5,69.44000244140625,66.36499786376953,67.2300033569336,5705400,0.0,0.0
2024-04-15 00:00:00-04:00,67.87999725341797,69.01000213623047,66.80000305175781,68.0999984741211,4004600,0.0,0.0
2024-04-22 00:00:00-04:00,68.5,69.75499725341797,67.69000244140625,69.43000030517578,4011100,0.0,0.0
2024-04-29 00:00:00-04:00,69.0999984741211,72.41999816894531,68.95999908447266,70.55000305175781,4330700,0.0,0.0
2024-05-06 00:00:00-04:00,70.55999755859375,76.25,69.9749984741211,70.01000213623047,9704000,0.0,0.0
2024-05-13 00:00:00-04:00,70.16000366210938,72.2300033569336,68.43000030517578,71.86000061035156,6737600,0.0,0.0
2024-05-20 00:00:00-04:00,71.94999694824219,73.08000183105469,70.43000030517578,71.19999694824219,4281800,0.0,0.0
2024-05-27 00:00:00-04:00,70.81999969482422,75.31999969482422,70.41999816894531,74.13999938964844,9010900,0.0,0.0
2024-06-03 00:00:00-04:00,74.5,76.33000183105469,70.87000274658203,71.88999938964844,6213600,0.0,0.0
2024-06-10 00:00:00-04:00,72.20999908447266,73.30999755859375,71.04000091552734,72.43000030517578,5057300,0.0,0.0
2024-06-17 00:00:00-04:00,72.45999908447266,72.95999908447266,71.24500274658203,71.9000015258789,3767900,0.0,0.0
2024-06-24 00:00:00-04:00,71.8499984741211,73.41000366210938,71.06999969482422,71.83999633789062,10507700,0.0,0.0
2024-07-01 00:00:00-04:00,72.29000091552734,73.41999816894531,70.30999755859375,72.81999969482422,7799900,0.0,0.0
2024-07-08 00:00:00-04:00,73.0,77.11499786376953,72.66000366210938,76.9800033569336,4999800,0.0,0.0
2024-07-15 00:00:00-04:00,77.0,79.75,76.95999908447266,78.79000091552734,6253800,0.0,0.0
2024-07-22 00:00:00-04:00,78.83999633789062,82.11000061035156,78.02999877929688,80.76000213623047,4589300,0.0,0.0
2024-07-29 00:00:00-04:00,81.0,82.2300033569336,75.70999908447266,77.27999877929688,4857000,0.0,0.0
2024-08-05 00:00:00-04:00,74.62000274658203,79.01000213623047,72.69000244140625,73.75,8961600,0.0,0.0
2024-08-12 00:00:00-04:00,73.69000244140625,78.41000366210938,73.25,77.0,4789400,0.0,0.0
2024-08-19 00:00:00-04:00,76.94999694824219,79.87999725341797,76.47000122070312,77.5,9617900,0.0,0.0
2024-08-26 00:00:00-04:00,78.05999755859375,78.43000030517578,76.3499984741211,78.05000305175781,4697500,0.0,0.0
2024-09-02 00:00:00-04:00,77.7300033569336,78.04000091552734,75.08499908447266,75.94999694824219,3680200,0.0,0.0
2024-09-09 00:00:00-04:00,76.08999633789062,76.47000122070312,74.50499725341797,75.38999938964844,5644100,0.0,0.0
2024-09-16 00:00:00-04:00,75.5999984741211,80.05999755859375,75.37000274658203,77.7300033569336,5596900,0.0,0.0
2024-09-23 00:00:00-04:00,77.94999694824219,78.86000061035156,76.33000183105469,78.1500015258789,4220400,0.0,0.0
2024-09-30 00:00:00-04:00,78.16000366210938,78.72000122070312,75.5999984741211,77.13999938964844,6908200,0.0,0.0
2024-10-07 00:00:00-04:00,76.91000366210938,79.31999969482422,74.33999633789062,78.81999969482422,4310700,0.0,0.0
2024-10-14 00:00:00-04:00,78.77999877929688,80.61000061035156,78.75,80.27999877929688,3928200,0.0,0.0
2024-10-21 00:00:00-04:00,79.95999908447266,80.52999877929688,78.55999755859375,80.18000030517578,1138200,0.0,0.0
